{"manifestVersion":"1.1","info":{"id":"Microsoft.NET.UpgradeAssistant,version=0.5.829.41291","manifestType":"Extension"},"packages":[{"id":"Component.Microsoft.NET.UpgradeAssistant","version":"0.5.829.41291","type":"Component","extension":true,"dependencies":{"Microsoft.NET.UpgradeAssistant":"0.5.829.41291","Microsoft.VisualStudio.Component.CoreEditor":"[17.0,18.0)"},"localizedResources":[{"language":"en-US","title":".NET Upgrade Assistant","description":".NET Upgrade Assistant is a tool that is designed to assist users with modernizing .NET applications."}]},{"id":"Microsoft.NET.UpgradeAssistant","version":"0.5.829.41291","type":"Vsix","payloads":[{"fileName":"Microsoft.NET.UpgradeAssistant.vsix","size":106242518}],"vsixId":"Microsoft.NET.UpgradeAssistant","extensionDir":"[installdir]\\Common7\\IDE\\Extensions\\3jio3hhx.l3k","installSizes":{"targetDrive":141851279}}]}